299	lu2-kal-la-ta	PN
299	ka5-a-mu	PN
299	{gi}gur	OTHER
299	{d}…	OTHER
298	u3-ma-ni	PN
297	murgu2	OTHER
297	4(ban2)-ta	OTHER
296	ur-{d}nin-tu	PN
296	tusz-a	OTHER
296	ab-ba	PN
295	nagar	OTHER
295	mun	OTHER
293	umma{ki}-ka	GN
293	mer	OTHER
293	a-da	OTHER
292	gu-du-du	PN
292	1(u)-ta	OTHER
291	na-silim	PN
290	za3	OTHER
290	ba-al-la	OTHER
289	la2-a	OTHER
289	a-da-lal3	PN
288	ab-ba-mu	PN
288	4(disz)-sze3	OTHER
287	du6	OTHER
287	ARAD2-{d}nanna	PN
286	szu-{d}iszkur	PN
285	kar2-har{ki}	GN
283	ur-dun	PN
283	lu2-bala-sa6-ga	PN
281	lu2-inim-ma-bi-me	OTHER
279	lugal-sa6-ga	PN
278	{gesz}pesz3	OTHER
278	{d}nin-urta	OTHER
276	nu-ur2-{d}iszkur	PN
276	dingir-ra	OTHER
275	ar3	OTHER
274	NE	OTHER
274	ma2-lah5	OTHER
274	{gesz}gigir	OTHER
273	x-kam	OTHER
272	sza3-ku3-ge	PN
272	i3-du8	OTHER
271	{gesz}haszhur	OTHER
270	|PU3.SZA|-da-gan	GN
270	gesz-i3	OTHER
270	a-kal-la-ta	PN
270	4(barig)-ta	OTHER
270	2(szar2)	OTHER
269	szimaszki2	OTHER
269	kikken2	OTHER
269	esz3	OTHER
268	{d}nanna-ma-ba	PN
267	na4	OTHER
267	gu4-ra2-bi2-mu2-mu2	OTHER
267	du-du	PN
266	a-pi4-sal4{ki}	GN
266	3(u)-sze3	OTHER
265	imgaga3	OTHER
265	aszgab	OTHER
264	mu-ne-du3	OTHER
264	gu-u2-gu-a	PN
264	apin	OTHER
263	na-gab2-tum	OTHER
263	{d}gu-la	OTHER
261	su-ba	OTHER
261	du3-a	OTHER
260	ug3	OTHER
260	lugal-e-ba-an-sa6	PN
260	6(disz)-sze3	OTHER
259	sig4	OTHER
259	DU	OTHER
259	ba-sa6	PN
258	{gi}kaskal	OTHER
255	{d}nin-hur-sag	OTHER
254	gaz	OTHER
254	a-ab-ba	PN
253	hur-sag	OTHER
253	he2-dab5	OTHER
253	{d}szul-gi-a-a-mu	PN
251	ur-{d}dumu-zi-da	PN
251	ur-ab-ba	PN
251	nig2-gal2-la	OTHER
250	ur-e2-an-na	PN
250	ku5-a	OTHER
250	babbar2	OTHER
249	lu2-eb-gal	PN
249	guru7-a	OTHER
248	e2-gal-e-si	PN
246	tu-ra	OTHER
245	{d}nin-sun2	OTHER
245	aga3-us2-e-ne-sze3	OTHER
244	ur-dingir-ra	PN
244	gurx(|SZE.KIN|)-a	OTHER
244	7(bur3)	OTHER
243	gal2-la	OTHER
242	ur-sukkal	PN
242	ur-e2-ninnu	PN
242	nu-{gesz}kiri6	OTHER
242	ga2-ga2	OTHER
242	3(asz@c)	OTHER
241	sza3-ba	OTHER
240	kur-ra	OTHER
240	dagal	OTHER
239	ugu2-a	OTHER
239	2(bur'u)	OTHER
238	{kusz}du10-gan	OTHER
238	{d}nin-mar{ki}-ka	OTHER
238	ba-ur4	OTHER
238	2(disz)-am3	OTHER
236	gala	OTHER
236	{d}nansze-|GIR2@g|-gal	PN
235	im-e	OTHER
235	IL2	OTHER
234	szesz-da-da	PN
234	gur-ra	OTHER
233	{d}nin-mar{ki}	OTHER
233	de6-a	OTHER
232	ka-guru7	OTHER
232	hu-wa-wa	PN
231	ur-{d}ba-ba6-ta	PN
231	ti-a	OTHER
231	gu2-ab-ba{ki}	GN
231	dingir-ba-ni	PN
231	ba-ba	PN
230	til-la	OTHER
230	szu-{d}suen	OTHER
230	ezem-{d}me-ki-gal2	OTHER
230	AN	PN
229	{uruda}ha-bu3-da	OTHER
229	la-na	PN
229	du6-ku3	OTHER
228	nu-ur2-i3-li2	PN
227	umma{ki}-ta	GN
227	ARAD2-{d}nanna-ta	PN
226	ur-tur	PN
226	szu-{d}nin-szubur	PN
226	sze-lu2	OTHER
226	{d}szara2-kam-ta	PN
225	tur-tur	OTHER
225	si-sa2	OTHER
225	nig2-{d}ba-ba6	PN
225	lu2-{d}dumu-zi	PN
224	{u2}kiszi17	OTHER
224	nin	OTHER
224	gur-ta	OTHER
224	az	OTHER
223	zi3-da	OTHER
223	uz-tur	PN
222	szu-i3-li2	PN
222	sa12-du5	OTHER
222	nigar{gar}-ki-du10	PN
221	szu-er3-ra	PN
220	umma{ki}-sze3	GN
220	{d}nanna-ki-ag2	PN
219	1(disz)-am3	OTHER
218	usz	OTHER
218	szagina	OTHER
217	lu2-uru11{ki}	PN
217	ki-la2	OTHER
217	{d}szara2-a-mu	PN
217	ad-kup4	OTHER
217	1(asz@t)-kam	OTHER
216	si	OTHER
216	{d}ba-ba6	OTHER
215	ur-ku3-nun-na-ta	PN
215	ukken-ne2	PN
215	mar-sa	OTHER
215	{d}utu-bar-ra	PN
215	di	OTHER
215	3(disz)-ta	OTHER
214	lu2-sa6-i3-zu	PN
214	a-lu5-lu5-ta	PN
213	szu-ma-ma	PN
213	8(bur3)	OTHER
212	ki-a-nag	OTHER
212	a-gu	PN
212	2(disz)-ta	OTHER
211	lunga	OTHER
211	5(disz)-ta	OTHER
210	gesz-sze3	OTHER
208	nig2-gur11-ra-kam	OTHER
208	ku3-{d}nanna	PN
207	sza3-du10	OTHER
207	munu4	OTHER
207	mu-ne-dim2	OTHER
207	lu2-bala-sag10	PN
207	giri3-ne2-i3-sa6	PN
207	an-na	OTHER
206	szitim	OTHER
206	ba-ab-ti	OTHER
206	1(ban2)-ta	OTHER
205	…-x	OTHER
205	lugal-me-lam2	PN
205	erin2-na	OTHER
205	{d}nin-gesz-zi-da	OTHER
205	ad-da-kal-la	PN
204	szu-ku6	OTHER
204	nam	OTHER
204	lu2-me-lam2	PN
204	da	OTHER
203	nin-dingir	OTHER
203	husz-a	OTHER
203	{d}szul-pa-e3	OTHER
202	ka-guru7-ta	OTHER
202	du11-ga-ta	OTHER
201	gu7-a	OTHER
200	ur-am3-ma	PN
200	sze-KIN-ku5-ta	OTHER
200	szar2-ra-ab-du	OTHER
200	|PU3.SZA|-esz18-dar	PN
200	lu2-{d}ha-ia3	PN
199	zu2-lum-bi	OTHER
199	ur5-sze3	OTHER
198	ASZ	PN
197	ziz2-a	OTHER
197	si-mu-ru-um	GN
196	sza13-dub-ba-ka	PN
196	ki-ag2	OTHER
196	he2-na-ab-sum-mu	OTHER
195	ur-ba-gara2	PN
195	gi4-a	OTHER
195	{d}szul-gi-i3-li2	PN
194	gu2-na	OTHER
194	bi2-du11-ga	PN
194	ba-ug7	OTHER
193	{d}szul-gi-ra	OTHER
193	a-gu-gu	PN
191	ur-{d}ma-mi	PN
190	u3-tu-da	OTHER
190	e2-kiszib3-ba	OTHER
189	ur-ge6-par4	PN
189	lu2-{d}…	PN
188	du8-a	OTHER
188	{d}szul-gi-a-a-mu-ta	PN
188	bar-gal2	OTHER
187	x-ta	OTHER
187	nu2-a	OTHER
187	giri3-lam	OTHER
187	ba	OTHER
186	a-hu-a	PN
186	2(ban2)-ta	OTHER
185	ur-{d}dumu-zi	PN
185	la2-mah	PN
185	KU	OTHER
184	sza-asz-szu2-ru-um{ki}	GN
184	{d}nin-dar-a	OTHER
184	a-sza3-ga	OTHER
183	uru4-a	OTHER
183	lu2-sza-lim	PN
181	muru13	OTHER
181	gu-nigin2	OTHER
180	sikil	OTHER
180	nibru{ki}-ta	GN
180	lu2-banda3{da}	PN
180	gal-gal	OTHER
179	ur3-ra	OTHER
179	muszen	OTHER
179	bala-bi	OTHER
178	eme3	OTHER
177	ur-gi7	OTHER
177	ur-{d}hendur-sag	PN
177	lugal-{gesz}gigir-re	PN
176	x-sze3	PN
176	ur-mes-ta	PN
176	gazx(KUM)	OTHER
176	esz3-esz3	OTHER
176	e2-gal-sze3	OTHER
176	2(asz@t)-kam	OTHER
175	NI	OTHER
175	lu2-{d}en-lil2-la2	PN
174	siki-bi	OTHER
174	s,e-lu-usz-{d}da-gan	OTHER
174	{d}en-ki-ka	OTHER
173	{tug2}mug	OTHER
173	SZID	OTHER
173	kal	OTHER
173	gesz-ur3	OTHER
172	lu2-ga	PN
172	gesztin	OTHER
172	{d}utu-mu	PN
172	ba-a-hun	OTHER
171	ur-nigar{gar}-ta	PN
171	4(asz@t)-kam	OTHER
170	ur-ab-ba-ta	PN
170	ezem-{d}szu-{d}suen	OTHER
170	a-hu-we-er-ta	PN
170	1(disz)-a	OTHER
169	us2-sa	OTHER
169	ur-{d}nin-gir2-su	PN
169	NE-NE-gar	OTHER
169	ma-na-ta	OTHER
169	lu2-sag10	PN
169	giri3-ni	PN
169	e2-kiszib3-ba-sze3	OTHER
169	a2-bi2-li2-a	PN
169	4(asz@c)	OTHER
168	tag-ga	OTHER
168	sze-gin2	OTHER
168	kid	OTHER
168	ba-hun-ga2	OTHER
168	3(asz@t)-kam	OTHER
168	1/2(asz@c)	OTHER
167	simug	OTHER
167	lu-lu-bu-um{ki}	GN
167	a-hu-we-er	PN
167	3(disz)-kam-asz	OTHER
166	szu-nir	OTHER
166	gu2-edin-na	GN
166	gaba-asz	OTHER
165	ur-e2-mah	PN
165	lu2-usz-gi-na	PN
165	kin-{d}inanna	OTHER
165	{gesz}ig	OTHER
164	szu-e2-a	PN
164	gurdub	OTHER
164	al-la-mu	PN
164	a-du-mu	PN
163	ki-ba	OTHER
163	gesz-gi	OTHER
163	ga2-ga2-dam	OTHER
162	sza3-tam	OTHER
162	du-ta	OTHER
161	nig2-ba	OTHER
161	ga2-ra	OTHER
161	duru5	OTHER
161	3(bur'u)	OTHER
160	zal-la	OTHER
160	sze6	OTHER
160	lu2-gu-la	PN
160	e2-kikken-ta	OTHER
160	a-du	PN
159	nu-ub-tuku	OTHER
159	lulim	OTHER
159	ku5-da	PN
158	ur-{d}lugal-banda3{da}	PN
158	an-sza-an{ki}-ta	GN
157	{d}na-na-a	OTHER
157	a2-zi-da	PN
156	ka2	OTHER
156	e2-kiszib3-ba-ta	OTHER
156	a-lu5-lu5	PN
154	usz-mu-ta	PN
154	ur-{d}nu-musz-da	PN
154	igi-kar2	PN
154	ba-du3-a	OTHER
153	sa12-du5-ka	OTHER
152	nam-zi-tar-ra	PN
152	mu-kux(DU)-ra-ta	OTHER
152	kesz2-ra2	OTHER
152	gid2-bi	OTHER
152	{gesz}asal2	OTHER
151	ur-ki-gu-la	PN
151	ur-gu-la	PN
151	HI	OTHER
151	en-du8-du	PN
150	uru11{ki}	GN
150	ur-sag10	PN
150	du11-ga-zi-da	PN
150	1(u)-sze3	OTHER
149	ur-gu2-edin-na-ta	PN
149	tir	OTHER
149	mur-gu4	OTHER
149	ki-nu-nir{ki}	GN
149	e3	OTHER
149	diri-ga	OTHER
149	an-ne2	PN
148	sze-KIN-ku5-sze3	OTHER
148	sa10	OTHER
148	gurusz-e	OTHER
148	{gi}hal	OTHER
147	ur-{d}nin-mar{ki}	PN
147	sza3-ga-du3	OTHER
147	sukud	OTHER
147	sag10-ta	OTHER
147	min	OTHER
147	lugal-iri-da	PN
147	gen	OTHER
147	{d}nin-lil2-la2	OTHER
146	uri5{ki}-sze3	GN
145	ur-{d}a-szar2	PN
145	siki-ba	OTHER
145	1/3(disz){sza}	OTHER
144	kar	OTHER
143	lugal-pa-e3	PN
143	lu2-igi-sa6-sa6	PN
143	ka5-a	PN
143	en-dingir-mu-ta	PN
143	{d}suen	OTHER
142	nig2-gur11	OTHER
142	lugal-{d}isztaran	PN
141	ur-{d}si4-an-na	PN
141	si-du3	PN
141	{d}nin-ti2-ug5-ga	PN
141	{d}ga2-tum3-du10	OTHER
141	{d}dumu-zi-sze3	OTHER
140	ur-szul	PN
140	ur-{d}nansze-ta	OTHER
140	PAP	OTHER
140	ga2-ga2-de3	OTHER
140	egir	OTHER
140	e2-gal-ta	OTHER
140	{d}szara2-ka	PN
139	u5-bi2{muszen}-gu7	OTHER
139	i3-bi	OTHER
139	ha-ba-lu5-ge2	PN
139	a-sza3-ge	OTHER
139	3(szar2)	OTHER
138	szer7-ru-um	OTHER
138	szabra-ta	OTHER
138	lu2-{d}igi-ma-sze3	PN
138	ki-su7-ra	OTHER
138	gi-na	OTHER
138	alan	OTHER
137	uri2{ki}-ma	GN
137	nu-ur4	OTHER
137	na-ra-am-i3-li2-ta	PN
136	nina{ki}	GN
136	nam-erim2-bi	OTHER
136	lugal-uszur4	PN
136	{kusz}e-sir2	OTHER
136	kilib3-ba	OTHER
136	eme6	OTHER
136	e2-kikken	OTHER
136	da-du-mu	PN
136	3(disz)-am3	OTHER
135	u4-da	OTHER
135	lu2-{d}nansze	PN
135	{d}nusku	OTHER
135	9(bur3)	OTHER
134	ur-{d}ha-ia3	PN
134	tum-ma-al	GN
134	gu4-si-su	OTHER
134	a-hu-ni-ta	PN
133	ur-{d}szusz3-{d}ba-ba6	PN
133	pesz	OTHER
133	ma2-gur8-re	OTHER
133	lu2-gi-na-ta	PN
133	kun	OTHER
133	gu-du-du-ta	PN
133	{d}nanna-sze3	OTHER
133	{d}iszkur-ba-ni	PN
133	{d}amar-{d}suen-ra	OTHER
132	tukum-bi	OTHER
132	sze-a	OTHER
132	lugal-ur2-ra-ni	PN
132	{kusz}suhub2	OTHER
132	ku3-dim2	OTHER
132	in-la2	OTHER
132	8(disz)-sze3	OTHER
131	tum-ma-al{ki}	GN
131	PA	OTHER
131	nir-i3-da-gal2	PN
131	ba-zi-ge	PN
131	bara2	OTHER
130	ur-{d}en-ki	PN
130	u2-hab2	OTHER
130	…-sze3	OTHER
129	szu-numun-a	OTHER
129	szu-i	OTHER
129	im-babbar2	OTHER
129	gan-gan-e3	OTHER
129	e2-a-i3-li2	PN
129	ba-la2	OTHER
128	ur3-re-ba-du7	PN
128	lugal-uszur3	PN
128	gurusz-bi	OTHER
128	gesz-kin-ti	OTHER
128	e2-udu	OTHER
128	da-a-a	PN
128	bi2-gu7-bi	OTHER
128	bar-dul5	OTHER
127	di-ku5	OTHER
127	ba-a	PN
126	tu-gur4{muszen}	OTHER
126	szu-{d}utu	PN
126	szar-ru-um-i3-li2	PN
126	{gesz}na2	OTHER
126	da-a-gi4	PN
126	bar-ra	OTHER
125	mug	OTHER
125	lugal-a2-zi-da-ta	PN
125	la2-mah-ta	PN
125	en-dingir-mu	PN
125	e2-iti-6(disz)	OTHER
125	{d}szara2-za-me	PN
125	a2-ge6-ba-a	PN
124	sal4-la	OTHER
124	lugal-ukken-ne2	PN
124	5(asz@c)	OTHER
123	KI-AN{ki}	GN
123	gaba-ta	OTHER
123	da-da-a	PN
123	bala-sze3	OTHER
123	adab{ki}	GN
122	ur-{d}suen-ta	PN
122	lugal-nir	PN
122	i3-lal3-lum	PN
121	ur-zikum-ma	PN
121	{uruda}kin	OTHER
121	ur-sag-ub3{ki}	PN
121	{kusz}a-ga2-la2	OTHER
121	kikken	OTHER
121	ir3	OTHER
121	gu4-ra2-bi2-mu2	OTHER
121	{gesz}geszimmar	OTHER
121	er3-ra-ba-ni	PN
121	dub-la2	OTHER
121	ba-ba-ti	PN
120	nu-a	OTHER
120	en-du8-du-ta	PN
119	szesz-szesz	PN
119	lugal-sza3-la2	PN
119	GI	OTHER
119	dalla	OTHER
118	ur-e11-e-ta	PN
118	ur-{d}szul-gi-ra	PN
118	u2-ta2-mi-szar-ra-am	PN
118	pa	OTHER
118	na	OTHER
118	{gi}ma-an-sim	OTHER
118	ar-za-na	OTHER
117	udu-bi	OTHER
117	tug2-gur10	OTHER
117	ra-gaba	OTHER
117	nam-erim2-am3	OTHER
117	lugal-{gesz}kiri6	PN
117	lu2-{d}nam2-an-ka	PN
117	ir7{muszen}	OTHER
117	{d}nin-a-zu	OTHER
117	{d}nanna-a	OTHER
116	lugal-sze3	OTHER
116	kiszib3-ba	OTHER
116	da-da-ga-ta	PN
115	uri2{ki}-ma-ke4	GN
115	im-ma	OTHER
115	gub-ba-me	OTHER
115	ge6-ba-a	OTHER
115	ba-gara2	OTHER
115	a-bu-ni	PN
114	ur-bi2-i3-lum{ki}	GN
114	na-ni	OTHER
114	lu2-du10-ga-ta	PN
114	{gesz}dih3	OTHER
114	DISZ	PN
113	uri5{ki}-ma-ra	GN
113	u-bar	OTHER
113	tug2-ba	OTHER
113	ri-ri-ga-am3	OTHER
113	ma-ni	PN
113	lu-lu-bu	GN
113	lu2-{d}nin-ur4-ra	PN
113	i3-ba	OTHER
113	ar-szi-ah	PN
113	apin-la2	OTHER
113	a-gar	OTHER
113	7(disz)-sze3	OTHER
112	szu-a	OTHER
112	se3-ga	OTHER
112	ka-ma-ri2{ki}	GN
112	ba-an-tuku	OTHER
112	ba-an-gar	OTHER
112	a-da-ga	OTHER
111	uri5{ki}	GN
111	|U8+HUL2|	OTHER
111	szandana	OTHER
111	lugal-ezem-ta	PN
111	lu2-{d}nin-szubur-ta	PN
111	{gi}pisan	OTHER
111	ab-ba-sag10	PN
110	sza3-bi	OTHER
110	su3	OTHER
110	i3-kal-la-ta	PN
110	GAN2-masz-ta	OTHER
110	a-e3-a	OTHER
109	x-x-x	OTHER
109	ur-e2-nun-na	PN
109	ninda-ta	OTHER
109	kas4-ta	OTHER
109	kab2-du11-ga	OTHER
109	en-nu	PN
109	{d}nanna-kam	PN
109	ba-sa6-ga	PN
109	5(disz)-am3	OTHER
108	nu-su	OTHER
108	nagar-me	OTHER
108	lugal-u2-szim-e	PN
108	gir	OTHER
108	{d}iszkur	OTHER
108	dingir-re-ne	OTHER
108	{d}ig-alim	OTHER
108	bar-ta	OTHER
108	a-gesztin-na	OTHER
107	ur-zu	PN
107	mu-un-na-an-e3-a	OTHER
107	la-ni-mu	PN
107	lagasz{ki}	GN
107	ha-la-sza	PN
107	am	OTHER
106	szesz-sag10	PN
106	sag-du3	PN
106	kilib	OTHER
106	kilib-ba	OTHER
106	inim-{d}inanna	PN
106	didli-me	OTHER
106	an-na-hi-li-bi	PN
106	ad-kup4-me	OTHER
106	6(asz@t)-kam	OTHER
105	ur	OTHER
105	ur-{d}nin-su	PN
105	i7-da	OTHER
105	a-na	OTHER
105	a-bi2-si2-im-ti	PN
105	4(bur'u)	OTHER
104	u2-tir	OTHER
104	lugal-nir-gal2	PN
104	lu2-{d}szul-gi-ra	PN
104	ba-na-gi-in	OTHER
103	ur-gu	PN
103	ur-{d}gilgamesx(|BIL3.GA.MES|)	PN
103	sig4-{gesz}i3-szub-ba-gar	OTHER
103	lugal-ka	PN
103	lugal-amar-ku3	PN
103	i-di3-er3-ra	PN
103	ib2-ra	OTHER
103	huz-za	OTHER
103	amar-{d}suen	OTHER
102	ur-ru-ta	PN
102	tug2-du8	OTHER
102	|PU3.SZA|-{d}en-lil2-ta	PN
102	numun-sze3	OTHER
102	lugal-igi-husz	PN
102	lugal-amar-ku3-ta	PN
102	{d}szul-gi-si2-im-ti	PN
102	an-nu-ni-tum	PN
102	ama	OTHER
102	2(u)-sze3	OTHER
101	x-a	OTHER
101	uku2-nu-ti	PN
101	szu-numun-na	OTHER
101	sze-il2-la-sze3	OTHER
101	lukur	OTHER
101	lu2-{d}gesz-bar-e3	PN
101	kun-zi	OTHER
101	in-sa6-sa6	PN
101	ensi2-ta	OTHER
101	dingir-ra-bi2	PN
101	ar3-ra	OTHER
101	a2-bi2-li2	PN
100	ur-li	PN
100	lu2-igi-sa6-sa6-ta	PN
100	lu2-{d}nin-gir2-su-ta	PN
100	lu2-bi-mu	PN
100	kal-la	PN
100	e2-a-na	OTHER
70056	1(disz)	OTHER
41424	mu	OTHER
39729	sila3	OTHER
39075	2(disz)	OTHER
36002	…	OTHER
35893	1(u)	OTHER
34139	iti	OTHER
29478	ki	OTHER
29242	5(disz)	OTHER
26910	gur	OTHER
26668	x	OTHER
26344	u4	OTHER
26310	udu	OTHER
23978	dumu	OTHER
23342	3(disz)	OTHER
19425	2(u)	OTHER
18642	lugal	OTHER
18276	sze	OTHER
16903	kiszib3	OTHER
16558	gin2	OTHER
16122	|SZU+LAGAB|	OTHER
15996	gu4	OTHER
15919	4(disz)	OTHER
12244	niga	OTHER
12128	masz2	OTHER
11910	sila4	OTHER
11879	kasz	OTHER
11878	1(barig)	OTHER
11856	szu	OTHER
11700	ba-hul	OTHER
11697	6(disz)	OTHER
11230	3(u)	OTHER
10609	dub-sar	OTHER
10460	giri3	OTHER
10079	1(gesz2)	OTHER
9752	GAN2	OTHER
9747	ninda	OTHER
9712	1(ban2)	OTHER
9510	1(asz)	OTHER
9465	3(ban2)	OTHER
9290	gurusz	OTHER
9037	ugula	OTHER
8956	1/2(disz)	OTHER
8901	e2	OTHER
8598	ba-ti	OTHER
8589	a-sza3	OTHER
8500	ma-na	OTHER
8302	2(barig)	OTHER
8193	us2-sa	OTHER
8165	sza3	OTHER
8092	8(disz)	OTHER
7514	7(disz)	OTHER
7438	4(u)	OTHER
7390	en	OTHER
7283	i3	OTHER
6994	la2	OTHER
6985	i3-dab5	OTHER
6956	2(ban2)	OTHER
6752	lu2	OTHER
6349	gal	OTHER
6042	zi3	OTHER
5754	u3	OTHER
5518	4(ban2)	OTHER
5511	2(asz)	OTHER
5503	3(barig)	OTHER
5474	ba-hun	OTHER
5436	mu-DU	OTHER
5296	5(u)	OTHER
5218	{d}szu-{d}suen	OTHER
5046	sag10	OTHER
5006	gesz	OTHER
4819	ab2	OTHER
4798	gu2	OTHER
4732	4(barig)	OTHER
4669	2(gesz2)	OTHER
4563	1(disz)-sze3	OTHER
4415	ma2	OTHER
4323	zi-ga	OTHER
4305	tug2	OTHER
4175	ensi2	OTHER
3921	du	OTHER
3912	ga	OTHER
3899	u8	OTHER
3874	a-ra2	OTHER
3767	sze-bi	OTHER
3747	siki	OTHER
3728	a2	OTHER
3631	{d}inanna	OTHER
3629	3(asz)	OTHER
3621	u2	OTHER
3565	sa	OTHER
3535	1/3(disz)	OTHER
3519	gi	OTHER
3494	us2	OTHER
3406	ki-masz{ki}	GN
3356	engar	OTHER
3300	1(disz)-kam	OTHER
3258	geme2	OTHER
3204	maszkim	OTHER
3182	kusz	OTHER
3157	5(ban2)	OTHER
3106	sukkal	OTHER
3100	nita2	OTHER
3099	la2-ia3	OTHER
3088	3(disz)-kam	OTHER
3070	ba-zi	OTHER
3031	igi	OTHER
3018	{d}nanna	OTHER
3010	ba-du3	OTHER
2997	4(asz)	OTHER
2994	2/3(disz)	OTHER
2964	nu-banda3	OTHER
2934	3(gesz2)	OTHER
2889	sze-KIN-ku5	OTHER
2886	2(disz)-kam	OTHER
2832	ud5	OTHER
2811	sar	OTHER
2747	ur-{d}ba-ba6	PN
2699	{d}amar-{d}suen	OTHER
2689	5(asz)	OTHER
2618	sum	OTHER
2587	bad3	OTHER
2518	mu	OTHER
2488	ur-nigar{gar}	PN
2487	1(esze3)	OTHER
2471	ba-usz2	OTHER
2470	6(asz)	OTHER
2452	4(disz)-kam	OTHER
2429	ku3-babbar	OTHER
2407	naga	OTHER
2386	dug	OTHER
2373	ansze	OTHER
2370	sa2-du11	OTHER
2361	amar	OTHER
2322	ab-ba-sa6-ga-ta	PN
2311	mar-tu	OTHER
2282	dabin	OTHER
2279	1(gesz'u)	OTHER
2231	9(disz)	OTHER
2210	1(asz@c)	OTHER
2207	gub-ba	OTHER
2179	hi-a	OTHER
2172	uri5{ki}-ma	GN
2166	lugal-e	OTHER
2116	i3-gesz	OTHER
2091	ki-la2-bi	OTHER
2046	ak	OTHER
2033	ur-mes	PN
2013	1/2(iku)	OTHER
2007	id-gur2	OTHER
2002	sag	OTHER
1950	mah	OTHER
1938	4(gesz2)	OTHER
1897	eridu{ki}	GN
1891	ezem-{d}szul-gi	OTHER
1884	sza3-gal	OTHER
1883	dida	OTHER
1870	lu2-dingir-ra	PN
1856	ba-zal	OTHER
1856	7(asz)	OTHER
1843	ur-bi2-lum{ki}	GN
1836	{d}szara2	OTHER
1827	lu2-kal-la	PN
1817	diri	OTHER
1802	szesz-kal-la	PN
1789	8(asz)	OTHER
1780	a-kal-la	PN
1740	a2-bi	OTHER
1729	erin2	OTHER
1715	kal-ga	OTHER
1689	szabra	OTHER
1687	sar-ta	OTHER
1682	su-ga	OTHER
1678	ba-ab-du8	OTHER
1676	umma{ki}	GN
1670	bala-a	OTHER
1662	an	OTHER
1624	2(esze3)	OTHER
1623	ku6	OTHER
1622	si-mu-ru-um{ki}	GN
1599	ARAD2-zu	OTHER
1598	5(gesz2)	OTHER
1588	{d}en-lil2-la2	OTHER
1579	ub-da	OTHER
1568	limmu2-ba	OTHER
1558	ku3-bi	OTHER
1556	gu	OTHER
1552	{d}en-lil2	OTHER
1545	mu-hul	OTHER
1540	hun-ga2	OTHER
1536	sze-ba	OTHER
1515	1(bur3)	OTHER
1513	sza3-bi-ta	OTHER
1496	{d}en-ki	OTHER
1494	ur-{d}lamma	PN
1455	szu-gid2	OTHER
1428	szusz3	OTHER
1426	kas4	OTHER
1419	1/4(iku)	OTHER
1409	sila3-ta	OTHER
1408	unu6	OTHER
1407	gal2	OTHER
1401	i3-pa3	OTHER
1379	ba-dim2	OTHER
1375	3(iku)	OTHER
1359	5/6(disz)	OTHER
1349	si-ma-num2{ki}	GN
1346	lu2-{d}nin-szubur	PN
1345	bar	OTHER
1338	muhaldim	OTHER
1333	munus	OTHER
1329	5(disz)-kam	OTHER
1314	zu2-lum	OTHER
1314	i3-dub	OTHER
1303	9(asz)	OTHER
1300	ur-{d}szul-pa-e3	PN
1299	gen-na	OTHER
1297	du-ni	OTHER
1294	ku3	OTHER
1290	szu-numun	OTHER
1288	i7	OTHER
1281	sanga	OTHER
1277	6(gesz2)	OTHER
1275	ezem-mah	OTHER
1272	ur-{gesz}gigir	PN
1250	{d}i-bi2-{d}suen	OTHER
1250	ARAD2-mu	PN
1247	dur3	OTHER
1244	a	OTHER
1238	masz-da3	OTHER
1225	mu-du3	OTHER
1200	6(disz)-kam	OTHER
1195	sipa	OTHER
1192	a2-ki-ti	OTHER
1188	uri5{ki}-ma-ke4	GN
1185	{munus}asz2-gar3	OTHER
1179	nig2-ka9	OTHER
1153	ziz2	OTHER
1139	sig15	OTHER
1137	7(disz)-kam	OTHER
1113	lu2-{d}nin-gir2-su	PN
1111	8(disz)-kam	OTHER
1103	ur-{d}suen	PN
1099	lugal-e2-mah-e	PN
1090	gukkal	OTHER
1089	ur-{d}szara2	PN
1088	2(gesz'u)	OTHER
1076	duh	OTHER
1074	kir11	OTHER
1073	a-a-kal-la	PN
1053	{d}dumu-zi	OTHER
1038	{gesz}tukul	OTHER
1037	ezem-an-na	OTHER
1037	aga3-us2	OTHER
1025	sza-asz-ru{ki}	GN
1014	ma-da	OTHER
1004	bala	OTHER
997	siskur2	OTHER
991	lu2-{d}szara2	PN
988	4(iku)	OTHER
980	esir2	OTHER
979	ensi2-ka	OTHER
976	3(ban2)-ta	OTHER
965	ezem-{d}nin-a-zu	OTHER
965	1(iku)	OTHER
963	7(gesz2)	OTHER
962	a-tu	PN
957	gub-ba-am3	OTHER
954	2(iku)	OTHER
952	SIG7-a	OTHER
939	{d}nin-lil2	OTHER
938	kusz3	OTHER
936	kuruszda	OTHER
929	mah2	OTHER
928	gu-la	OTHER
926	a-lum	OTHER
924	ur-e11-e	PN
924	da-da	PN
920	dumu-ni	OTHER
918	hu-uh2-nu-ri{ki}	GN
913	esza	OTHER
898	ur-{d}ig-alim	PN
898	ki-siki-{d}nin-a-zu	OTHER
898	al	OTHER
896	lugal-ezem	PN
887	ARAD2	OTHER
886	ur-sa6-ga	PN
886	ba-an-ti	OTHER
885	{tug2}guz-za	OTHER
883	ur-{d}nansze	OTHER
875	sagi	OTHER
875	gid2-da	OTHER
875	{d}szul-gi	OTHER
869	lugal-ku3-zu	PN
867	numun	OTHER
860	masz-da3-gu7	OTHER
856	ug3-IL2	OTHER
854	nibru{ki}	GN
854	ezem-me-ki-gal2	OTHER
844	ses-da-gu7	OTHER
829	ku3-sig17	OTHER
825	lu2-du10-ga	PN
817	kar-zi-da	OTHER
809	8(gesz2)	OTHER
805	tur	OTHER
803	masz2-e	OTHER
801	en-mah-gal-an-na	PN
796	{gesz}kiri6	OTHER
788	in-ta-e3-a	PN
786	{d}szul-gi-iri-mu	PN
785	du11-ga	OTHER
779	2(bur3)	OTHER
777	ur5-ra	OTHER
774	u5-bi2-gu7	OTHER
765	2(disz)-sze3	OTHER
764	si-ga	OTHER
761	nita	OTHER
761	iri	OTHER
760	uruda	OTHER
757	usz2	OTHER
757	i3-nun	OTHER
748	ge6	OTHER
745	unu{ki}	GN
744	ki-su7	OTHER
741	lu2-{d}ba-ba6	PN
727	ha-ar-szi{ki}	GN
726	usz-bar	OTHER
714	lu2-{d}nanna	PN
712	ma2-gur8	OTHER
710	{tug2}nig2-lam2	OTHER
704	elam	GN
704	a-ru-a	OTHER
699	SZIM	PN
697	gu4-e	OTHER
697	3(gesz'u)	OTHER
684	ur-{d}nun-gal	PN
683	an-sza-an{ki}	GN
682	nig2-ar3-ra	OTHER
676	dal	OTHER
668	1(szar2)	OTHER
658	{tug2}usz-bar	OTHER
658	sza3-gu4	PN
656	hu-ur5-ti{ki}	GN
650	szu-esz5-sza	OTHER
645	dam	OTHER
644	gu-za	OTHER
642	5(iku)	OTHER
640	gid2	OTHER
639	inim-{d}szara2	PN
639	ezem	OTHER
639	dusu2	OTHER
636	ur-{d}li9-si4	PN
636	ugu2	OTHER
636	{d}li9-si4	OTHER
634	lu2-dingir-ra-ta	PN
631	szesz	OTHER
629	na-gada	OTHER
629	ka	OTHER
621	kin	OTHER
621	1(bur'u)	OTHER
620	szimaszki	OTHER
619	1(barig)-ta	OTHER
616	9(gesz2)	OTHER
614	za-ab-sza-li{ki}	GN
614	min-esz3	OTHER
612	masz-e	OTHER
611	lugal-ma2-gur8-re	PN
609	na-ru2-a	OTHER
609	gin2-ta	OTHER
609	ba-a-gar	OTHER
608	gudu4	OTHER
603	su-su	OTHER
602	GAN2-ta	OTHER
596	amar-a-a-si	OTHER
591	i3-gal2	OTHER
590	us2-sa-bi	OTHER
585	ARAD2-ta	PN
583	iti-6(disz)	OTHER
580	ur-ku3-nun-na	PN
580	nesag2	OTHER
579	szah2	OTHER
578	lu2-{d}utu	PN
575	sahar	OTHER
575	gurum2	OTHER
574	tab-ba	OTHER
574	nam-ha-ni	PN
573	zabar	OTHER
571	zabar-dab5	OTHER
571	ur-…	PN
569	su3	OTHER
566	ma2-a	OTHER
565	e2-a	OTHER
563	lu-lu-bu{ki}	GN
559	lu2-giri17-zal	PN
556	muhaldim-sze3	OTHER
551	munu4-gu7	OTHER
551	da-da-ga	PN
545	pisan	OTHER
543	ri-ri-ga	OTHER
542	ur-{d}isztaran	PN
542	|SZU+NIGIN|	OTHER
541	e2-gal	OTHER
538	ezem-{d}dumu-zi	OTHER
534	pa4-u2-e	OTHER
530	ku4-ra	OTHER
530	a-hu-wa-qar	PN
529	nu	OTHER
529	na-lu5-ta	PN
529	lugal-ku3-ga-ni	PN
528	ma2-dara3-abzu	OTHER
526	dumu-ni-me	OTHER
526	didli	OTHER
526	dam-gar3	OTHER
524	ur3-ra	OTHER
523	i3-kal-la	PN
523	gaba	OTHER
521	szuku	OTHER
521	lugal-a2-zi-da	PN
521	kin-gi4-a	OTHER
519	ezem-{d}ba-ba6	OTHER
518	gada	OTHER
516	ur-{d}nin-gesz-zi-da	PN
514	{gesz}gu-za	OTHER
513	sze-il2-la	OTHER
513	2(u)-kam	OTHER
508	lu2-gi-na	PN
508	3(bur3)	OTHER
507	na-ba-sa6	PN
505	szu-gi4	OTHER
504	na-lu5	PN
500	{gesz}ma-nu	OTHER
499	ur-{d}en-lil2-la2	PN
495	zi-ga-am3	OTHER
495	gir2-su{ki}	GN
495	ab-ba-gi-na	PN
494	kur	OTHER
493	mu-szu-du7	OTHER
491	kunga2	OTHER
487	dub-ba	OTHER
486	1(u)-kam	OTHER
483	gaba-ri	OTHER
483	ga6-ga2	OTHER
482	6(bur3)	OTHER
481	in-ta-e3-a-ta	PN
480	1(disz)-kam-asz	OTHER
479	3(disz)-sze3	OTHER
477	lu2-sa6-ga	PN
476	4(gesz'u)	OTHER
475	du10-ga	OTHER
474	im	OTHER
474	hu-hu-nu-ri{ki}	GN
473	zi	OTHER
468	5(disz)-sze3	OTHER
467	kaskal-sze3	OTHER
467	dub	OTHER
465	ga-esz{ki}	GN
464	unu3	OTHER
462	guru7	OTHER
460	u3-na-a-du11	OTHER
460	{d}szara2-kam	PN
459	|PU3.SZA|-isz-{d}da-gan	GN
456	gazi	OTHER
454	lugal-nig2-lagar-e	PN
454	had2	OTHER
452	kiszib3-bi	OTHER
452	4(bur3)	OTHER
450	sze-ta	OTHER
450	al-la	PN
446	lu2-…	PN
446	gig	OTHER
445	e2-duru5	OTHER
444	{d}nin-lil2-ra	OTHER
440	lu2-{d}inanna	PN
438	la2-ia3-am3	OTHER
436	nu-ur2-{d}suen	PN
434	kab2-ku5	OTHER
428	ra2-gaba	OTHER
426	unu{ki}-ga	GN
426	nig2-u2-rum	OTHER
423	nar	OTHER
422	mu	OTHER
421	5(bur3)	OTHER
420	ba-ra-zal	OTHER
417	ba-an-ku4	OTHER
416	ur-nig2	PN
414	szu-esz-sza	OTHER
414	KA	OTHER
411	szesz-a-ni	OTHER
410	dara4	OTHER
409	uz-ga	OTHER
408	lugal-inim-gi-na	PN
408	lu2-{d}na-ru2-a	PN
406	GAN2-masz	OTHER
405	lugal-he2-gal2	PN
405	lugal-bi	OTHER
405	gu-nigin2-ba	OTHER
405	ab-ba-sa6-ga	PN
402	szar3	OTHER
399	nig2	OTHER
398	iti-ta	OTHER
398	gu3-de2-a	OTHER
398	{d}gu-za	OTHER
397	e3-a	OTHER
393	na-sa6-ta	PN
393	a-gu-ta	PN
392	x-x	OTHER
391	masz	OTHER
389	hi	OTHER
388	su-su-dam	OTHER
386	ezem-{d}li9-si4	OTHER
385	3(u)-kam	OTHER
384	ur-{d}szul-pa-e3-ta	PN
383	kusz3-ta	OTHER
382	gar-ra	OTHER
381	ur-{d}…	PN
381	lugal-iti-da	PN
380	szu-esz18-dar	PN
379	ur-{d}utu	PN
378	sa-ta	OTHER
377	libir-am3	OTHER
376	|UD@g|	OTHER
374	szuku-ra	OTHER
373	lugal-…	PN
373	dub-dub	OTHER
372	en	OTHER
372	9(disz)-kam	OTHER
366	sza13-dub-ba	OTHER
363	…-ta	OTHER
361	nig2-dab5	OTHER
361	2(asz@c)	OTHER
356	ur-{d}iszkur	PN
356	nu-tuku	OTHER
356	lugal-nesag2-e	PN
354	ga2-nun	OTHER
353	zah3	OTHER
353	si-i3-tum	OTHER
352	szuszin{ki}-sze3	GN
351	x-…	OTHER
350	ARAD2-zu	PN
349	ur-{d}da-mu	PN
348	szuszin{ki}-ta	GN
347	lugal-ta	PN
346	lu2-{d}suen	PN
346	kun-zi-da	OTHER
346	{d}nin-ur4-ra	PN
345	sza-asz-ru-um{ki}	GN
345	{d}nansze	OTHER
344	nibru{ki}-sze3	GN
344	mu-ri-iq-ti-id-ni-im	GN
342	zar3	OTHER
342	ur-lugal	PN
342	giri3-se3-ga	OTHER
341	ba-zi-ta	OTHER
340	gibil	OTHER
340	e2-gal-la	OTHER
339	ku5-ra2	OTHER
338	gesz-du3	OTHER
337	azlag2	OTHER
336	dab5-ba	OTHER
335	e2-ba-an	OTHER
332	sze-kar-ra-gal2-la	OTHER
332	na-sa6	PN
332	babbar	OTHER
330	szesz-kal-la-ta	PN
330	e	OTHER
329	gub	OTHER
327	nam-sza3-tam	OTHER
327	ad6	OTHER
326	har	OTHER
324	{gesz}u3-suh5	OTHER
321	i7-pa-e3	PN
320	sumun	OTHER
319	5(gesz'u)	OTHER
318	tak4-a	OTHER
317	ma-an-sum	PN
317	inim	OTHER
317	a-hu-ni	PN
315	gu-za-la2	OTHER
313	de2-a	OTHER
312	usz-mu	PN
312	ku-li	PN
312	ab-ba-kal-la	PN
310	nam-mah	OTHER
310	in-pa3	OTHER
309	u4-sakar	OTHER
309	1(disz)-ta	OTHER
308	szeg9-bar	OTHER
307	ad-da	PN
305	us2-sa-a-bi	OTHER
305	{d}nin-gir2-su	OTHER
304	gun3-a	OTHER
303	ku3-ga-ni	PN
303	erin2-na-bi	OTHER
302	{gi}kid	OTHER
301	ur-szu-ga-lam-ma	PN
301	{d}utu	OTHER
300	sa10-a	OTHER
300	da-a-ga	PN
99	lugal-ab-ba	PN
99	la2-tur	PN
99	hur-sag-ga-lam-ma	GN
99	gir2-su{ki}-ta	GN
99	gab2-us2	PN
99	{d}szara2-he2-gal2	PN
98	ur-{d}nin-mug	PN
98	ur-{d}namma	OTHER
98	libir	OTHER
98	e2-mah	OTHER
98	aszgab-me	OTHER
98	a-gu-a	PN
98	5(asz@t)-kam	OTHER
97	um-mi-a	OTHER
97	szuruppak{ki}	GN
97	sze-sag-ku5	OTHER
97	nig2-siskur2-ra	OTHER
97	ma	OTHER
97	lu2-nimgir	PN
97	iti-bi	OTHER
97	ip-qu2-sza	PN
97	gu3-de2-a-ta	OTHER
97	dumu-gu4-gur	OTHER
96	ur-ama-na	PN
96	na-gab2-tum-ta	OTHER
96	{gesz}szinig	OTHER
96	gar	OTHER
96	A	OTHER
96	a-dam-dun{ki}-sze3	GN
95	za	OTHER
95	ur-{d}nisaba	PN
95	ma-da-bi	OTHER
95	lugal-za3-ge-si	OTHER
95	hu-bu7{bu}	OTHER
95	gesz-ur3-ra	OTHER
95	di-ku5-bi-me	OTHER
95	BI	OTHER
95	apin-du8-a	OTHER
95	…-a	OTHER
95	1(szar'u)	OTHER
94	ur-{d}ig-alim-ta	PN
94	ur-{d}en-lil2-la2-ta	PN
94	szu-{d}nin-kar-ak	PN
94	lugal-sze3	PN
94	geme2-{d}lamma	PN
94	en-um-i3-li2	PN
94	buru14	OTHER
94	a2-bi2-la-tum	PN
93	ur-szu-ga-lam-ma-ta	PN
93	ur-e2-masz-ta	PN
93	su	OTHER
93	lu2-{d}en-ki	PN
93	ku5	OTHER
93	gu2-TAR	PN
93	en3-bi	OTHER
93	e2-gibil4-le	GN
93	{d}nin-szubur	OTHER
93	ab-e3	PN
93	6(asz@c)	OTHER
92	ur-nigar	PN
92	ur-{d}szara2-ta	PN
92	ur-{d}li9-si4-na	PN
92	ur-bi2-lum	GN
92	ur3	OTHER
92	SAR	OTHER
92	sa10-am3	OTHER
92	lu2-ulu3-um	PN
91	zu-ba-ga-ta	PN
91	ur-gu2-en-na	PN
91	ur-{d}ur3-bar-tab	PN
91	ur-{d}nin-gubalag	PN
91	{u2}ad2	OTHER
91	masz-ku3-gu7	OTHER
91	lugal-ma2-gur8-re-ta	PN
91	iszib	OTHER
91	gi-bi	OTHER
91	dingir-szu-e-er	PN
91	7(asz@t)-kam	OTHER
91	1/2(disz)-kam	OTHER
90	uzu	OTHER
90	ur-{d}lamma-ta	PN
90	tul2-ta	OTHER
90	tu7	OTHER
90	sum-ma	OTHER
90	nig2-sa10	OTHER
90	lugal-uszurx(|LAL2.TUG2|)	PN
90	lal3	OTHER
90	ka-tab	OTHER
90	gir2-gul	OTHER
90	bur-ma-ma	PN
90	asz-a	OTHER
89	unu{ki}-sze3	GN
89	|PU3.SZA|-{d}da-gan	GN
89	nu-ur2-e2-a	PN
89	nun-e	OTHER
89	dab-ba	OTHER
89	ad-da-mu	PN
88	|PU3.SZA|-{d}en-lil2	PN
88	na-ra-am-i3-li2	PN
88	in-szi-sa10	OTHER
88	gir2	OTHER
88	dam-gar3-ta	OTHER
88	bu3-ra	PN
88	a2-na-na	PN
87	szu-{d}en-lil2	PN
87	sahar-ba	OTHER
87	masz2-da-re-a	OTHER
87	lugal-lu2-sa6-sa6	PN
87	kam	OTHER
87	gu7	OTHER
87	gu4-bi	OTHER
87	esz2	OTHER
87	du11-ga-ni-zi	PN
87	{d}szara2-i3-zu	PN
87	ARAD2-dam	PN
87	a-bu-du10	PN
87	8(asz@t)-kam	OTHER
87	4(szar2)	OTHER
87	2(barig)-ta	OTHER
86	wa-ta2-ru-um	PN
86	tu-ra-am-i3-li2	PN
86	tu5-a	OTHER
86	sag-bi	OTHER
86	musz-bi-an-na	GN
86	me-en-kar2	OTHER
86	lu2-lagasz{ki}	PN
86	il2-la	OTHER
86	{d}nin-…	OTHER
86	ba-hul-a	OTHER
85	ur-{gesz}gigir-ta	PN
85	ur-{d}nin-tu-ta	PN
85	u2-ta2-mi-szar-ra-am-ta	PN
85	szuku-ra-ke4-ne-sze3	OTHER
85	pa3-da	OTHER
85	nesag	OTHER
85	mah-ta	OTHER
85	{gesz}gaba-tab	OTHER
85	{d}en-lil2-zi-sza3-gal2	PN
85	4(disz)-am3	OTHER
84	ze2-na	OTHER
84	ur-sa6-ga-ta	PN
84	ur-{d}x	PN
84	sze-er-gu	OTHER
84	|PU3.SZA|-isz-da-gan	GN
84	lu2-he2-gal2	PN
84	KA-sze3	OTHER
84	bar-ba	OTHER
84	1(u@c)	OTHER
83	ur5	OTHER
83	{kusz}ummu3	OTHER
83	kaskal	OTHER
83	ib2-tak4	OTHER
83	du8-a	OTHER
83	a-tu-ta	PN
82	tug2-gurx(|SZE.KIN|)	OTHER
82	szesz-a-ni-ta	OTHER
82	mu-ni	PN
82	masz2-gal	OTHER
82	ha-ar-szi	GN
82	{gesz}asalx(|A.TU.NIR|)	OTHER
82	{d}szara2-ba-zi-ge	PN
82	{d}lamma	OTHER
82	dingir-dan	PN
82	ba-il2	OTHER
82	a-sza3-bi	OTHER
82	2(disz)-kam-asz	OTHER
81	ur-{d}nin-gesz-zi-da-ta	PN
81	szu-numun-ta	OTHER
81	ba-hul-ta	OTHER
81	aktum	OTHER
81	AB	OTHER
81	2/3(|NINDA2x(SZE.2(ASZ))|)	OTHER
80	ur-{d}szul-gi	PN
80	sila-a	OTHER
80	muszen-du3	OTHER
80	inim-ma-ni-zi	PN
80	en-kas4	PN
80	{d}szara2-mu-DU	PN
80	{d}nansze-kam	PN
79	ur-ma-ma	PN
79	tum3-dam	PN
79	szu-esz18-dar-ta	PN
79	masz-tur	PN
79	lugal-mu-ma-ag2	PN
79	kas4-ke4-ne-sze3	OTHER
79	ib2-dab5	OTHER
79	gu-za-ni	PN
79	gal2-bi	OTHER
79	da-a-gi	PN
79	4(disz)-ta	OTHER
78	ur-{d}lugal-edin-ka	PN
78	u8-sze3	OTHER
78	ri-a	OTHER
78	mu2	OTHER
78	lugal-gaba	PN
78	lu2-{d}da-mu	PN
78	im-ti-dam	PN
78	ha-ba-at	PN
78	{gesz}ga-rig2	OTHER
78	er2-dingir	PN
78	du8-szi-a	OTHER
78	{d}szara2-sze3	OTHER
78	{d}nin-e2-gal	OTHER
78	dingir	OTHER
78	bi2-in-du11	OTHER
77	ur-{d}asznan	PN
77	udu-sze3	OTHER
77	u2-du	OTHER
77	szu-{d}nisaba	PN
77	sa-bu-um{ki}-sze3	GN
77	NIG2	OTHER
77	nig2-lagar-e	PN
77	nig2-diri	OTHER
77	gibil-ta	OTHER
77	gen-na-me	OTHER
77	en	OTHER
77	bad3-gal	OTHER
76	ur-esz3-ku3-ga	PN
76	{tug2}bar-si	OTHER
76	min3-esz3	OTHER
76	lu2-nina{ki}	PN
76	kal-la-mu	PN
76	inim-{d}szara2-ta	PN
76	erin2-e	OTHER
76	{d}szul-gi-si2-im-tum	PN
76	dal-ta	OTHER
76	bi2-du11	OTHER
76	ba-ku4	OTHER
76	5(ban2)-ta	OTHER
75	ur-gesz-sza3-ga	PN
75	ur-{d}nin-a-zu	PN
75	niga-sze3	OTHER
75	na-ba-sa6-ta	PN
75	…-kam	OTHER
75	guz-za	OTHER
75	geszimmar	OTHER
75	eb	OTHER
75	duh-ta	OTHER
75	bar2-za3-gar	OTHER
75	bala-a-sze3	OTHER
74	zu2-uh	OTHER
74	ur-{d}nin-sun2	PN
74	szu2	OTHER
74	ra	OTHER
74	lu2-mah	OTHER
74	lah5	OTHER
74	{d}nin-gal	OTHER
74	{d}en-lil2-la2-ta	OTHER
74	ba-zi-ir	OTHER
74	ba-a-a	PN
74	a-pi4-sal4{ki}-ta	GN
74	5(szar2)	OTHER
73	uri5{ki}-ta	GN
73	ur-esz3-lil2-la2	PN
73	udul2	OTHER
73	SZE3	PN
73	|PU3.SZA|-ma-ma	PN
73	nig2-gur11-ra	OTHER
73	na-mu	PN
73	min-kam	OTHER
73	lugal-tug2-mah	PN
73	lugal-si-NE-e	PN
73	lugal-im-ru-a	PN
73	lugal-engar	PN
73	i3-sum	PN
73	HAR	OTHER
73	{gesz}tir	OTHER
73	ensi2-ka-ta	OTHER
73	dab5-ba-me	OTHER
73	a-u2-da	OTHER
73	a-…	OTHER
73	ama-kal-la	PN
73	a-ba-{d}en-lil2-gin7-ta	PN
72	x-bi	OTHER
72	ur-x	PN
72	tug2-du8-me	OTHER
72	ti-la	OTHER
72	su7	OTHER
72	si-mu-ur4-ru-um{ki}	GN
72	ra-a	OTHER
72	nu-ra-a	OTHER
72	nam-mah-{d}ba-ba6	PN
72	ib-ni-{d}iszkur	PN
72	ha-bu3-da	OTHER
72	e2-ta	OTHER
71	ur-{d}nun-gal-ta	PN
71	ur-{d}en-lil2	PN
71	sa-bu-um{ki}-ta	GN
71	na-mi-gur-re	OTHER
71	na-gab2-tum-ma	OTHER
71	la-ag	OTHER
71	izi	OTHER
71	ga-esz5{ki}	GN
71	e2-masz	OTHER
71	du-ne-ne	OTHER
71	ba-…	PN
70	ur-sila-luh	PN
70	ur-me-me	PN
70	ur-bad3-dur2-ra	PN
70	ur2	OTHER
70	sig4-ga	OTHER
70	ma-ri2{ki}	GN
70	lugal-an-ne2	PN
70	ezem-{d}szul-gi-ta	OTHER
70	{d}isz-bi-er3-ra	OTHER
70	1(disz)-a-kam	OTHER
69	ur-sa6-ga-mu	PN
69	umbin	OTHER
69	suhusz-ki-in	PN
69	sig4-a	OTHER
69	si-e3	OTHER
69	masz-da3-gu7-ta	OTHER
69	mar2-da{ki}	GN
69	i3-la2	OTHER
69	geme2-{d}ba-ba6	PN
69	…-da	PN
69	bar-ra-an	PN
69	apin-bi	OTHER
68	zi-kum	OTHER
68	zabar-ta	OTHER
68	tu	OTHER
68	tar-re-dam	OTHER
68	nin-ezem	PN
68	nig2-lam2	OTHER
68	nag	OTHER
68	ku3-ta	OTHER
68	kak	OTHER
68	HI-da	PN
68	{gesz}ab-ba	OTHER
68	ensi2-ka-sze3	OTHER
68	{d}gesztin-an-na	OTHER
68	{d}be-la-at-dar-ra-ba-an	PN
68	ba-a-dul9	OTHER
68	al-la-mu-ta	PN
68	ab-sin2-ta	OTHER
68	5(bur'u)	OTHER
67	ur-{d}li9-si4-ta	PN
67	szu-{d}szul-gi	PN
67	sza3-gu4-me	PN
67	mu-szu-du8	OTHER
67	mangaga	OTHER
67	lugal-am3	OTHER
67	kin-bi	OTHER
67	ka-ma-ri2	PN
67	gi4-gi4-dam	OTHER
67	{gesz}dusu	OTHER
67	erin2-me	OTHER
67	DU-a	GN
67	{d}nin-mar{ki}-ta	OTHER
67	{d}ne3-eri11-gal	PN
67	balag	OTHER
67	bahar3	OTHER
67	a-pi4-sal4{ki}-sze3	GN
67	a2-na-mu	PN
66	za-ha-din	OTHER
66	ur-kisal	PN
66	u2-gu	OTHER
66	szu-ku-bu-um	PN
66	pa5-u2-e	OTHER
66	nin-ku3-zu	PN
66	nig2-U-nu-a	OTHER
66	nig2-gu7	OTHER
66	lu2-{d}szul-gi	PN
66	ku3-ga-ni-ta	PN
66	gu2-tar	PN
66	gir13-gesz{ki}	GN
66	{gesz}banszur	OTHER
66	{d}szara2-nir-gal2	PN
66	{d}be-la-at-suh-ner	PN
66	ba-hul-sze3	OTHER
65	ta2-hi-isz-a-tal	PN
65	szesz-sa6-ga	PN
65	sze-kar-gal2-la	OTHER
65	sig4-{gesz}i3-szub-ba-ga2-ra	OTHER
65	se-ge4-de3	OTHER
65	…-ra	OTHER
65	nig2-ezem-ma	OTHER
65	nam-mah-ta	OTHER
65	lagab	OTHER
65	kusz-bi	OTHER
65	ku3-babbar-sze3	OTHER
65	gu4-e-us2-sa	OTHER
65	gir2-su{ki}-sze3	GN
65	{gesz}apin	OTHER
65	ga-esz	OTHER
65	e2-kas4	OTHER
65	dumu-gi7	OTHER
65	ba-du8	OTHER
64	uru11{ki}-ta	GN
64	ur-gi7-re	OTHER
64	sza3-nin-ga2	PN
64	sur-ra	OTHER
64	sa3-si2	PN
64	nam-erim2	OTHER
64	munu4-mu2	OTHER
64	ma-szum	PN
64	lugal-x	PN
64	lu2-eb-gal-ta	PN
64	lu2-{d}x	PN
64	ki-lu5-la	PN
64	i3-ra2-ra2	PN
64	ha-za-num2	OTHER
64	ezem-…	OTHER
64	dagal-bi	OTHER
64	…-bi	PN
64	be-li2-du10	PN
63	ur-gar	PN
63	ur-{d}nin-gal	PN
63	ug3-IL2-me	OTHER
63	tuku	OTHER
63	szuszin{ki}	GN
63	szid-da	OTHER
63	sahar-ra	OTHER
63	nin-ga2	PN
63	kar-ra	PN
63	iti-da	OTHER
63	inim-ma-dingir	PN
63	…-ga	PN
63	ensi2-ke4	OTHER
63	du3	OTHER
63	a-du-du	PN
62	U	OTHER
62	ugula-iri	OTHER
62	sza3-gu4-ka	PN
62	sanga-ta	OTHER
62	sag-ga2	OTHER
62	nin-inim-gi-na	PN
62	nam-ha-ni-ta	PN
62	mu-gal2	OTHER
62	…-me	GN
62	ma2-dara3	OTHER
62	la-la	PN
62	ki-tusz-lu2	PN
62	kisal	OTHER
62	hul-tag	OTHER
62	{gesz}tukul-e	OTHER
62	{gesz}ma-nu-ta	OTHER
62	erin-da	OTHER
62	{d}szul-gi-i3-li2-ta	PN
62	{d}nanna-si-sa2	PN
62	{d}gu3-de2-a	PN
62	ba-tab-duh-hu-um	PN
62	a-mur-e2-a	PN
62	al-hul-a	OTHER
62	a-al-li2-ta	PN
61	ziz2-bi	OTHER
61	za3-mu	OTHER
61	sza	OTHER
61	nita2-sze3	OTHER
61	nimgir-an-ne2	PN
61	lugal-gu4-e	PN
61	lu2-{gesz}gigir	PN
61	li-bur-{d}isz-bi-er3-ra	PN
61	kux(LIL)-ra	OTHER
61	en-am-gal-an-na	PN
61	e2-mah-sze3	OTHER
61	du3-a-ku5	OTHER
61	du10	OTHER
61	{d}nanna-dalla	PN
61	a-a-mu	PN
60	usz-gid2-da	PN
60	{u2}har-an	OTHER
60	szar-ru-um-ba-ni	PN
60	na-bi2-hu-um	OTHER
60	lu2-{d}utu-ta	PN
60	la-gi-ip	PN
60	la2-ia3-ta	OTHER
60	…{ki}	OTHER
60	iri-ki-bi	PN
60	gurx(|SZE.KIN|)	OTHER
60	engar-ta	OTHER
60	{d}utu-|GIR2@g|-gal	PN
60	ba-szim	OTHER
60	bar-su-ga	OTHER
60	a-tu5-a	OTHER
60	a-hu-du10	PN
60	a-ga-am	OTHER
59	ur-x-…	PN
59	ur-gi7-ra	OTHER
59	ur-du6-ku3-ga	PN
59	ur-{d}gesztin-an-ka	PN
59	u4-de3	OTHER
59	szesz-sag10-ta	PN
59	mah-sze3	OTHER
59	ma2-gin2	PN
59	HA	OTHER
59	gu2-du8-a{ki}	GN
59	gala-mah	OTHER
59	e2-tur3	OTHER
59	du8	OTHER
59	{d}nun-gal	OTHER
59	da-da-ta	PN
59	ba-ra-zal-la-ta	OTHER
58	ur-dam	PN
58	un-da-ga	PN
58	tug2-ta	OTHER
58	sze-li	OTHER
58	|PU3.SZA|-i3-li2	PN
58	nin-…	PN
58	nig2-du7-pa-e3	PN
58	…-na	OTHER
58	mar-ha-szi{ki}	GN
58	ma2-lah4	OTHER
58	lugal-nesag-e	PN
58	lugal-gu2-gal	PN
58	lu2-{d}ig-alim	PN
58	igi-an-na-ke4-zu	PN
58	hu-la-al	PN
58	gesz2-da	OTHER
58	EN	PN
58	{d}x	OTHER
58	a-ta	PN
58	aszgab-ta	OTHER
58	2(u)-ta	OTHER
57	usz-bar-sze3	OTHER
57	{u2}|U.EN|	OTHER
57	szu-lu-lu	PN
57	sum-mu-dam	OTHER
57	pa-ku5	OTHER
57	nin-a-na	OTHER
57	{na4}ur5	OTHER
57	masz-da-re-a	OTHER
57	lugal-ku3-zu-ta	PN
57	ISZ	PN
57	iri-sa12-rig7{ki}	GN
57	illu	OTHER
57	gur4-za-an	PN
57	gur10	OTHER
57	gesz-asz	OTHER
57	en-{d}inanna	PN
57	e2-du6-la	OTHER
57	{d}inanna-ka	OTHER
57	{d}gesz-bar-e3	PN
57	dara3	OTHER
57	a-dam-dun{ki}-ta	GN
57	a-ab-ba-ta	PN
57	1(asz)-ta	OTHER
56	ur-sze-il2-la	PN
56	ur-{d}szu-mah	PN
56	ur-{d}nanna	PN
56	u4-te-na	OTHER
56	szu-na	OTHER
56	nin-he2-gal2	PN
56	nig2-kal-la	PN
56	nig2-gul	OTHER
56	mu-du3-a	OTHER
56	lugal-dumu-gi7	PN
56	lu2-{d}na-ru2-a-ta	PN
56	i-szar-ru-um	PN
56	i-szar-pa2-dan	PN
56	iri-ta	OTHER
56	gu4-ta	OTHER
56	dumu-na	OTHER
56	dah-hu	OTHER
56	an-ne2-ba-du7	PN
56	a-ha-ni-szu	PN
55	za-ri2-iq	PN
55	ur-ra	OTHER
55	ur-mah-sze3	OTHER
55	ur-{d}nin-urta	OTHER
55	ur-{d}dumu-zi-da-ta	PN
55	nin-dingir-ra	OTHER
55	lu2-ba-gara2	PN
55	in-u	OTHER
55	igi-sa6-sa6	PN
55	i-di3-a	PN
55	gu4-suhub2	PN
55	gu2-e3	OTHER
55	gu2-ab-ba{ki}-ka	GN
55	{gesz}apin-sze3	OTHER
55	er3-re-eb	PN
55	e2-ki-bi	PN
55	{d}suen-a-bu-szu	PN
55	{d}pa4-u2-e	OTHER
55	be-li2-a-ri2-ik	PN
55	a-a-kal-la-ta	PN
55	a2-da-a	PN
55	1/2(iku)-ta	OTHER
54	za-ab-sza-li	GN
54	ur-ge6-par3	PN
54	ur-{d}igi-zi-bar-ra	PN
54	ud5-sze3	OTHER
54	szu-{d}dumu-zi	PN
54	SI-A-a-ta	PN
54	mu-ru2	OTHER
54	ma-asz2	PN
54	ma-an-sim	OTHER
54	lugal-{d}szul-gi	PN
54	lugal-bad3	PN
54	lu2-{d}szul-gi-ra-ta	PN
54	ki-ag2-ga2-ni	OTHER
54	igi-du8	OTHER
54	igi-{d}szara2-sze3	PN
54	i3-ta	OTHER
54	he2-sa6	PN
54	{gi}su7-su7	OTHER
54	geme2-{d}na-ru2-a	PN
54	e2-ta-mu-zu	PN
54	{d}utu-ba-e3	PN
54	{d}amar-{d}suen-ke4	OTHER
54	da-ba	PN
54	bur2	OTHER
54	ba-an-si	OTHER
54	ansze-sze3	OTHER
54	ag2-ga2-ni	OTHER
54	a-ba-al-la	PN
54	7(asz@c)	OTHER
54	6(disz)-am3	OTHER
53	za-gin3	OTHER
53	ur-e2-nun	PN
53	ur-{d}isztaran-ta	PN
53	ur-ab-zu	PN
53	ur4	OTHER
53	u3-kul	OTHER
53	{u2}gug4	OTHER
53	tu-dur	OTHER
53	sa-bu-um{ki}	GN
53	nu-ur2-esz18-dar	PN
53	ninda-bi	OTHER
53	na-wi-ir-dingir	PN
53	na-ap-la-num2	PN
53	mu-ka	OTHER
53	lu2-iri-sag	PN
53	gu4-gur	PN
53	gu2-de3-na	GN
53	{gi}gur-dub	OTHER
53	{gesz}dur2-gar-ni	OTHER
53	en-nun-e	OTHER
53	da-…	PN
53	bi2-da	PN
53	bar-la2	OTHER
53	ba-ri2-ga	OTHER
53	ba-ba-a	PN
53	ba-ad-da-ri2	PN
53	…-am3	OTHER
53	a-bala	OTHER
53	a2-nin-ga2-ta	PN
53	2/3(disz){sza}	OTHER
52	zu2	OTHER
52	ze2-a	OTHER
52	ur-e2-gal	PN
52	ur-bad3-dur2-ra-ta	PN
52	szu-da-da	PN
52	sza3-ku3-ge-ta	PN
52	lu-lu-bum2{ki}	GN
52	lugud2-da	OTHER
52	lugal-nesag2-e-ta	PN
52	lugal-i3-sa6	PN
52	kar-sze3	PN
52	i-di3-{d}iszkur	PN
52	ha-lu-ub2	OTHER
52	gi-ra-num2	OTHER
52	gi4-gi4-de3	OTHER
52	{gesz}gesztin	OTHER
52	ga-ti-e	PN
52	esir2-bi	OTHER
52	erin2-na-sze3	OTHER
52	{d}lugal-banda3{da}	PN
52	bi2-tum-ra-bi2-um{ki}	GN
52	BAD	OTHER
52	amar-szuba3	PN
51	ur-x-x	PN
51	ur-nigar-gar	PN
51	ur-{d}nin-pirig	PN
51	tir-gu	PN
51	tibira	OTHER
51	sza3-ge	OTHER
51	mi-ri2-za	OTHER
51	me-{d}isztaran	PN
51	lugal-siki-su13	PN
51	lugal-nam-tar-re	PN
51	lu2-ga-mu	PN
51	LAGAB	OTHER
51	ki-bi	OTHER
51	ig	OTHER
51	i3-li2-mu	PN
51	gu2-ta	OTHER
51	dub-sag	OTHER
51	du6-ku3-ga	GN
51	{d}nin-e11-e	PN
51	bur3	OTHER
51	be-li2-a-zu	PN
51	ARAD2-mu-ta	PN
51	a-mur-dingir	PN
50	ur-usz-gid2-da	PN
50	urumx(|UR2xU2|){ki}	OTHER
50	ur-me-me-ta	PN
50	ur-e2-babbar2	PN
50	ur-{d}al-la	PN
50	tu-ra-am-i3-li2-ta	PN
50	sig	OTHER
50	|PU3.SZA|-{d}suen	PN
50	nu-e3	OTHER
50	nu-dab5	OTHER
50	naga-bi	OTHER
50	lu2-{d}nin-mar{ki}	PN
50	lu2-{d}nin-dar-a	PN
50	ka-tar	PN
50	in-na-ba	OTHER
50	hu-ba-a	PN
50	hirinx(KWU318)-na	GN
50	{gesz}u3	OTHER
50	geme2-{d}suen	PN
50	ga2-nun-ta	OTHER
50	ezem-ma	OTHER
50	en-nun-e-{d}amar-{d}suen-ra-ki-ag2	PN
50	{d}szara2-ta	OTHER
50	bi2-du11-ga-ta	PN
50	ba-sa6-ta	PN
50	ba-an-ti-esz2	OTHER
50	ba-ab-gu7	OTHER
